ano_mes_ordinal;valor_receita;SMA(12);SMA(6);SMA(3);SMA(2);lag(12);lag(6);lag(4);lag(3);lag(2);lag(1);populacao;variacao_anual;aceleracao_variacao_anual;valor_pib
734869;5865563.1;0.0;0.0;0.0;0.0;0.0;0.0;0.0;0.0;0.0;0.0;60612;1482;1146;770339.0
734900;6979863.94;0.0;0.0;0.0;6422713.52;0.0;0.0;0.0;0.0;0.0;5865563.1;60612;1482;1146;770339.0
734928;6038308.84;0.0;0.0;6294578.626666666;6509086.390000001;0.0;0.0;0.0;0.0;5865563.1;6979863.94;60612;1482;1146;770339.0
734959;6036720.77;0.0;0.0;6351631.183333334;6037514.805;0.0;0.0;0.0;5865563.1;6979863.94;6038308.84;60612;1482;1146;770339.0
734989;6566028.25;0.0;0.0;6213685.953333333;6301374.51;0.0;0.0;5865563.1;6979863.94;6038308.84;6036720.77;60612;1482;1146;770339.0
735020;7180872.109999999;0.0;6444559.501666666;6594540.376666666;6873450.18;0.0;0.0;6979863.94;6038308.84;6036720.77;6566028.25;60612;1482;1146;770339.0
735050;6784352.82;0.0;6597691.121666666;6843751.06;6982612.465;0.0;5865563.1;6038308.84;6036720.77;6566028.25;7180872.109999999;60612;1482;1146;770339.0
735081;8316345.74;0.0;6820438.088333334;7427190.223333333;7550349.28;0.0;6979863.94;6036720.77;6566028.25;7180872.109999999;6784352.82;60612;1482;1146;770339.0
735112;7980163.57;0.0;7144080.543333333;7693620.71;8148254.655;0.0;6038308.84;6566028.25;7180872.109999999;6784352.82;8316345.74;60612;1482;1146;770339.0
735142;7058840.99;0.0;7314433.913333334;7785116.766666667;7519502.28;0.0;6036720.77;7180872.109999999;6784352.82;8316345.74;7980163.57;60612;1482;1146;770339.0
735173;8149080.25;0.0;7578275.913333334;7729361.603333334;7603960.62;0.0;6566028.25;6784352.82;8316345.74;7980163.57;7058840.99;60612;1482;1146;770339.0
735203;8473646.870000001;7119148.9375;7793738.373333334;7893856.036666668;8311363.5600000005;0.0;7180872.109999999;8316345.74;7980163.57;7058840.99;8149080.25;60612;1482;1146;770339.0
735234;7861439.06;7285471.934166667;7973252.746666667;8161388.726666667;8167542.965;5865563.1;6784352.82;7980163.57;7058840.99;8149080.25;8473646.870000001;61030;418;-1064;904648000.0
735234;7861439.06;7358936.5275;7897434.966666666;8065508.330000001;7861439.06;6979863.94;8316345.74;7058840.99;8149080.25;8473646.870000001;7861439.06;61030;418;-1064;904648.16
735265;8228264.74;7541432.8525;7938785.161666666;7983714.286666666;8044851.9;6038308.84;7980163.57;8149080.25;8473646.870000001;7861439.06;7861439.06;61030;418;-1064;904648000.0
735265;8228264.74;7724061.516666666;8133689.12;8105989.513333333;8228264.74;6036720.77;7058840.99;8473646.870000001;7861439.06;7861439.06;8228264.74;61030;418;-1064;904648.16
735293;6835740.62;7746537.547499999;7914799.181666666;7764090.033333334;7532002.68;6566028.25;8149080.25;7861439.06;7861439.06;8228264.74;8228264.74;61030;418;-1064;904648000.0
735293;6835740.62;7717776.59;7641814.806666668;7299915.326666667;6835740.62;7180872.109999999;8473646.870000001;7861439.06;8228264.74;8228264.74;6835740.62;61030;418;-1064;904648.16
735324;8223473.05;7837703.275833334;7702153.805;7298318.096666667;7529606.835;6784352.82;7861439.06;8228264.74;8228264.74;6835740.62;6835740.62;61030;418;-1064;904648000.0
735324;8223473.05;7829963.885000001;7762492.803333334;7760895.573333333;8223473.05;8316345.74;7861439.06;8228264.74;6835740.62;6835740.62;8223473.05;61030;418;-1064;904648.16
735354;8270822.01;7854185.421666667;7769585.681666668;8239256.036666666;8247147.529999999;7980163.57;8228264.74;6835740.62;6835740.62;8223473.05;8223473.05;61030;418;-1064;904648000.0
735354;8270822.01;7955183.84;7776678.56;8255039.023333333;8270822.01;7058840.99;8228264.74;6835740.62;8223473.05;8223473.05;8270822.01;61030;418;-1064;904648.16
735385;7600005.14;7909427.580833334;7904055.98;8047216.386666667;7935413.574999999;8149080.25;6835740.62;8223473.05;8223473.05;8270822.01;8270822.01;61030;418;-1064;904648000.0
735385;7600005.14;7836624.103333333;8031433.400000001;7823610.763333333;7600005.14;8473646.870000001;6835740.62;8223473.05;8270822.01;8270822.01;7600005.14;61030;418;-1064;904648.16
735415;7640448.25;7818208.2025;7934262.599999999;7613486.176666667;7620226.695;7861439.06;8223473.05;8270822.01;8270822.01;7600005.14;7600005.14;61030;418;-1064;904648000.0
735415;7640448.25;7799792.301666666;7837091.8;7626967.213333334;7640448.25;7861439.06;8223473.05;8270822.01;7600005.14;7600005.14;7640448.25;61030;418;-1064;904648.16
735446;7406299.96;7731295.236666667;7693004.791666665;7562398.82;7523374.105;8228264.74;8270822.01;7600005.14;7600005.14;7640448.25;7640448.25;61030;418;-1064;904648000.0
735446;7406299.96;7662798.171666667;7548917.783333332;7484349.390000001;7406299.96;8228264.74;8270822.01;7600005.14;7640448.25;7640448.25;7406299.96;61030;418;-1064;904648.16
735477;7614179.34;7727668.065;7551280.149999999;7475593.086666666;7510239.65;6835740.62;7600005.14;7640448.25;7640448.25;7406299.96;7406299.96;61030;418;-1064;904648000.0
735477;7614179.34;7792537.958333333;7553642.516666667;7544886.213333334;7614179.34;6835740.62;7600005.14;7640448.25;7406299.96;7406299.96;7614179.34;61030;418;-1064;904648.16
735507;6912108.31;7683257.563333333;7432252.526666666;7380155.663333333;7263143.824999999;8223473.05;7640448.25;7406299.96;7406299.96;7614179.34;7614179.34;61030;418;-1064;904648000.0
735507;6912108.31;7573977.168333333;7310862.536666666;7146131.986666667;6912108.31;8223473.05;7640448.25;7406299.96;7614179.34;7614179.34;6912108.31;61030;418;-1064;904648.16
735538;8314251.69;7577596.308333333;7462187.825;7379489.4366666665;7613180.0;8270822.01;7406299.96;7614179.34;7614179.34;6912108.31;6912108.31;61030;418;-1064;904648000.0
735538;8314251.69;7581215.448333334;7613513.113333333;7846870.5633333335;8314251.69;8270822.01;7406299.96;7614179.34;6912108.31;6912108.31;8314251.69;61030;418;-1064;904648.16
735568;8713804.17;7674032.034166667;7796783.918333333;8447435.85;8514027.93;7600005.14;7614179.34;6912108.31;6912108.31;8314251.69;8314251.69;61030;418;-1064;904648000.0
735568;8713804.17;7766848.62;7980054.723333334;8580620.01;8713804.17;7600005.14;7614179.34;6912108.31;8314251.69;8314251.69;8713804.17;61030;418;-1064;904648.16
735599;9246284.47;7900668.305;8369084.083333333;8891297.603333334;8980044.32;7640448.25;6912108.31;8314251.69;8314251.69;8713804.17;8713804.17;61431;401;-17;949025.26
735630;8115312.71;7940240.343333334;8569618.15;8691800.450000001;8680798.590000002;7640448.25;6912108.31;8314251.69;8713804.17;8713804.17;9246284.47;61431;401;-17;949025.26
735658;6907321.38;7898658.794999999;8335129.765000001;8089639.52;7511317.045000001;7406299.96;8314251.69;8713804.17;8713804.17;9246284.47;8115312.71;61431;401;-17;949025.26
735689;9461848.1;8069954.473333334;8526395.833333334;8161494.063333333;8184584.74;7406299.96;8314251.69;8713804.17;9246284.47;8115312.71;6907321.38;61431;401;-17;949025.26
735719;8297725.72;8126916.671666667;8457049.424999999;8222298.399999999;8879786.910000002;7614179.34;8713804.17;9246284.47;8115312.71;6907321.38;9461848.1;61431;401;-17;949025.26
735750;8257532.36;8180529.423333333;8381004.123333332;8672368.726666667;8277629.040000001;7614179.34;8713804.17;8115312.71;6907321.38;9461848.1;8297725.72;61431;401;-17;949025.26
735780;7452571.07;8225567.986666667;8082051.890000001;8002609.716666666;7855051.715000002;6912108.31;9246284.47;6907321.38;9461848.1;8297725.72;8257532.36;61431;401;-17;949025.26
735811;7458056.53;8271063.671666667;7972509.193333332;7722719.986666667;7455313.800000001;6912108.31;8115312.71;9461848.1;8297725.72;8257532.36;7452571.07;61431;401;-17;949025.26
735842;6738530.0;8139753.530833334;7944377.296666667;7216385.866666667;7098293.265000001;8314251.69;6907321.38;8297725.72;8257532.36;7452571.07;7458056.53;61431;401;-17;949025.26
735872;7890822.399999999;8104467.756666667;7682539.68;7362469.643333334;7314676.200000001;8314251.69;9461848.1;8257532.36;7452571.07;7458056.53;6738530.0;61431;401;-17;949025.26
735903;6809970.39;7945814.941666666;7434580.458333333;7146440.93;7350396.3950000005;8713804.17;8297725.72;7452571.07;7458056.53;6738530.0;7890822.399999999;61431;401;-17;949025.26
735933;9287068.98;7993587.009166668;7606169.8950000005;7995953.923333333;8048519.6850000005;8713804.17;8257532.36;7458056.53;6738530.0;7890822.399999999;6809970.39;61431;401;-17;949025.26
735964;9382016.19;8004897.985833335;7927744.081666666;8493018.520000001;9334542.585;9246284.47;7452571.07;6738530.0;7890822.399999999;6809970.39;9287068.98;61816;385;-16;1039264000.0
735964;9382016.19;8110456.609166667;8248404.025000001;9350367.12;9382016.19;8115312.71;7458056.53;7890822.399999999;6809970.39;9287068.98;9382016.19;61816;385;-16;1039264.14
735995;7806606.78;8185397.059166667;8426416.821666667;8856879.72;8594311.485;6907321.38;6738530.0;6809970.39;9287068.98;9382016.19;9382016.19;61816;385;-16;1039264000.0
735995;7806606.78;8047460.2825;8412380.885;8331743.25;7806606.78;9461848.1;7890822.399999999;9287068.98;9382016.19;9382016.19;7806606.78;61816;385;-16;1039264.14
736024;7019054.58;7940904.354166667;8447228.25;7544089.38;7412830.68;8297725.72;6809970.39;9382016.19;9382016.19;7806606.78;7806606.78;61816;385;-16;1039264000.0
736024;7019054.58;7837697.8725;8069225.850000001;7281571.9799999995;7019054.58;8257532.36;9287068.98;9382016.19;7806606.78;7806606.78;7019054.58;61816;385;-16;1039264.14
736055;6862097.3100000005;7788491.725833334;7649239.37;6966735.489999999;6940575.945;7452571.07;9382016.19;7806606.78;7806606.78;7019054.58;7019054.58;61816;385;-16;1039264000.0
736055;6862097.3100000005;7738828.4575000005;7229252.890000001;6914416.400000001;6862097.3100000005;7458056.53;9382016.19;7806606.78;7019054.58;7019054.58;6862097.3100000005;61816;385;-16;1039264.14
736085;9579447.26;7975571.5625;7524726.303333335;7767880.626666668;8220772.285;6738530.0;7806606.78;7019054.58;7019054.58;6862097.3100000005;6862097.3100000005;61816;385;-16;1039264000.0
736085;9579447.26;8116290.300833333;7820199.716666668;8673663.943333333;9579447.26;7890822.399999999;7806606.78;7019054.58;6862097.3100000005;6862097.3100000005;9579447.26;61816;385;-16;1039264.14
736116;8236247.4;8235146.718333334;8023065.1866666665;9131713.973333333;8907847.33;6809970.39;7019054.58;6862097.3100000005;6862097.3100000005;9579447.26;9579447.26;61816;385;-16;1039264000.0
736116;8236247.4;8147578.253333334;8225930.656666666;8683980.686666667;8236247.4;9287068.98;7019054.58;6862097.3100000005;9579447.26;9579447.26;8236247.4;61816;385;-16;1039264.14
736146;6674791.11;7921976.163333333;8194712.956666666;7715761.97;7455519.255000001;9382016.19;6862097.3100000005;9579447.26;9579447.26;8236247.4;8236247.4;61816;385;-16;1039264000.0
736146;6674791.11;7696374.073333333;8163495.256666668;7195276.54;6674791.11;9382016.19;6862097.3100000005;9579447.26;8236247.4;8236247.4;6674791.11;61816;385;-16;1039264.14
736177;8237572.350000001;7732287.870833334;7939849.438333333;7195718.19;7456181.73;7806606.78;9579447.26;8236247.4;8236247.4;6674791.11;6674791.11;61816;385;-16;1039264000.0
736177;8237572.350000001;7768201.668333333;7716203.62;7716645.2700000005;8237572.350000001;7806606.78;9579447.26;8236247.4;6674791.11;6674791.11;8237572.350000001;61816;385;-16;1039264.14
736208;6663587.11;7738579.379166666;7454093.571666666;7712910.603333334;7450579.73;7019054.58;8236247.4;6674791.11;6674791.11;8237572.350000001;8237572.350000001;61816;385;-16;1039264000.0
736208;6663587.11;7708957.09;7191983.523333333;7188248.856666666;6663587.11;7019054.58;8236247.4;6674791.11;8237572.350000001;8237572.350000001;6663587.11;61816;385;-16;1039264.14
736238;7078159.41;7726962.265000001;7259211.573333334;6801777.876666668;6870873.26;6862097.3100000005;6674791.11;8237572.350000001;8237572.350000001;6663587.11;6663587.11;61816;385;-16;1039264000.0
736238;7078159.41;7744967.44;7326439.623333332;6939968.643333334;7078159.41;6862097.3100000005;6674791.11;8237572.350000001;6663587.11;6663587.11;7078159.41;61816;385;-16;1039264.14
736269;10455486.46;7817970.706666667;7696091.9750000015;8203935.093333334;8766822.935;9579447.26;8237572.350000001;6663587.11;6663587.11;7078159.41;7078159.41;61816;385;-16;1039264000.0
736269;10455486.46;7890973.973333334;8065744.326666668;9329710.776666667;10455486.46;9579447.26;8237572.350000001;6663587.11;7078159.41;7078159.41;10455486.46;61816;385;-16;1039264.14
736299;15404196.47;8488303.0625;9522512.553333335;12105056.463333333;12929841.465;8236247.4;6663587.11;7078159.41;7078159.41;10455486.46;10455486.46;61816;385;-16;1039264000.0
736299;15404196.47;9085632.151666667;10979280.780000001;13754626.466666669;15404196.47;8236247.4;6663587.11;7078159.41;10455486.46;10455486.46;15404196.47;61816;385;-16;1039264.14
736330;6837948.57;9099228.606666667;10939245.64;12548780.503333336;11121072.52;6674791.11;7078159.41;10455486.46;10455486.46;15404196.47;15404196.47;62187;371;-14;1096132.93
736361;8856545.2;9281041.4475;11235643.271666668;10366230.08;7847246.885;6674791.11;7078159.41;10455486.46;15404196.47;15404196.47;6837948.57;62187;371;-14;1096132.93
736389;7767413.07;9241861.5075;10787631.04;7820635.613333333;8311979.135;8237572.350000001;10455486.46;15404196.47;15404196.47;6837948.57;8856545.2;62187;371;-14;1096132.93
736420;6797188.84;9121829.548333334;10177914.770000001;7807049.036666666;7282300.955;8237572.350000001;10455486.46;15404196.47;6837948.57;8856545.2;7767413.07;62187;371;-14;1096132.93
736450;9001773.790000001;9316678.438333334;9110844.323333332;7855458.566666667;7899481.315;6663587.11;15404196.47;6837948.57;8856545.2;7767413.07;6797188.84;62187;371;-14;1096132.93
736481;7876507.890000001;9417755.17;7856229.56;7891823.506666668;8439140.84;6663587.11;15404196.47;8856545.2;7767413.07;6797188.84;9001773.790000001;62187;371;-14;1096132.93
736511;8395935.81;9527569.87;8115894.100000001;8424739.163333334;8136221.850000001;7078159.41;6837948.57;7767413.07;6797188.84;9001773.790000001;7876507.890000001;62187;371;-14;1096132.93
736542;8427976.25;9640054.606666667;8044465.941666667;8233473.316666667;8411956.030000001;7078159.41;8856545.2;6797188.84;9001773.790000001;7876507.890000001;8395935.81;62187;371;-14;1096132.93
736573;8455524.73;9473391.129166668;8159151.218333334;8426478.93;8441750.49;10455486.46;7767413.07;9001773.790000001;7876507.890000001;8395935.81;8427976.25;62187;371;-14;1096132.93
736603;8524628.44;9312486.294166667;8447057.818333333;8469376.473333333;8490076.585;10455486.46;6797188.84;7876507.890000001;8395935.81;8427976.25;8455524.73;62187;371;-14;1096132.93
736634;8904721.11;8770863.3475;8430882.371666668;8628291.426666668;8714674.774999999;15404196.47;9001773.790000001;8395935.81;8427976.25;8455524.73;8524628.44;62187;371;-14;1096132.93
736664;17137895.74;8915338.286666667;9974447.013333334;11522415.096666664;13021308.425;15404196.47;7876507.890000001;8427976.25;8455524.73;8524628.44;8904721.11;62187;371;-14;1096132.93
736695;8259222.06;9033777.744166667;9951661.388333334;11433946.303333333;12698558.9;6837948.57;8395935.81;8455524.73;8524628.44;8904721.11;17137895.74;61776;-411;-782;1064232000.0
736695;8259222.06;8984000.815833334;9923535.69;11218779.953333333;8259222.06;8856545.2;8427976.25;8524628.44;8904721.11;17137895.74;8259222.06;61776;-411;-782;1064231.52
736726;8990407.07;9085916.9825;10012682.746666666;8502950.396666666;8624814.565000001;7767413.07;8455524.73;8904721.11;17137895.74;8259222.06;8259222.06;61776;-411;-782;1064232000.0
736726;8990407.07;9268685.168333333;10090312.518333333;8746678.733333334;8990407.07;6797188.84;8524628.44;17137895.74;8259222.06;8259222.06;8990407.07;61776;-411;-782;1064231.52
736754;11981671.36;9517009.965833334;10603137.559999999;9987495.166666666;10486039.215000002;9001773.790000001;8904721.11;8259222.06;8259222.06;8990407.07;8990407.07;61776;-411;-782;1064232000.0
736754;11981671.36;9859106.921666667;9743766.83;10984583.263333334;11981671.36;7876507.890000001;17137895.74;8259222.06;8990407.07;8990407.07;11981671.36;61776;-411;-782;1064231.52
736785;8353772.02;9855593.272499999;9759525.156666666;10772371.579999998;10167721.690000001;8395935.81;8259222.06;8990407.07;8990407.07;11981671.36;11981671.36;61776;-411;-782;1064232000.0
736785;8353772.02;9849409.586666666;9775283.483333332;9563071.799999999;8353772.02;8427976.25;8259222.06;8990407.07;11981671.36;11981671.36;8353772.02;61776;-411;-782;1064231.52
736815;12832704.82;10214174.594166666;10415666.441666666;9846749.62;10593238.420000002;8455524.73;8990407.07;11981671.36;11981671.36;8353772.02;8353772.02;61776;-411;-782;1064232000.0
736815;12832704.82;10573180.959166666;11056049.4;11339727.219999999;12832704.82;8524628.44;8990407.07;11981671.36;8353772.02;8353772.02;12832704.82;61776;-411;-782;1064231.52
736846;9870316.65;10653647.254166666;10704156.948333332;11845242.096666666;11351510.735000003;8904721.11;11981671.36;8353772.02;8353772.02;12832704.82;12832704.82;61776;-411;-782;1064232000.0
736846;9870316.65;10048015.663333332;10352264.496666668;10857779.373333333;9870316.65;17137895.74;11981671.36;8353772.02;12832704.82;12832704.82;9870316.65;61776;-411;-782;1064231.52
736876;11089462.19;10283869.0075;10808212.858333332;10276698.496666668;10479889.420000002;8259222.06;8353772.02;12832704.82;12832704.82;9870316.65;9870316.65;61776;-411;-782;1064232000.0
736876;11089462.19;10519722.351666667;11264161.22;10683080.343333334;11089462.19;8259222.06;8353772.02;12832704.82;9870316.65;9870316.65;11089462.19;61776;-411;-782;1064231.52
736907;8545032.36;10482607.7925;10549549.143333333;10241318.913333332;9817247.275000002;8990407.07;12832704.82;9870316.65;9870316.65;11089462.19;11089462.19;61776;-411;-782;1064232000.0
736907;8545032.36;10445493.233333332;9834937.066666666;9393175.636666665;8545032.36;8990407.07;12832704.82;9870316.65;11089462.19;11089462.19;8545032.36;61776;-411;-782;1064231.52
736938;7082889.36;10037261.4;9370365.851666667;8057651.359999999;7813960.860000001;11981671.36;9870316.65;11089462.19;11089462.19;8545032.36;8545032.36;61776;-411;-782;1064232000.0
736938;7082889.36;9629029.566666666;8905794.636666665;7570270.359999999;7082889.36;11981671.36;9870316.65;11089462.19;8545032.36;8545032.36;7082889.36;61776;-411;-782;1064231.52
736968;9244402.33;9703248.759166667;8598284.66;7803393.683333334;8163645.8450000025;8353772.02;11089462.19;8545032.36;8545032.36;7082889.36;7082889.36;61776;-411;-782;1064232000.0
736968;9244402.33;9777467.951666666;8290774.683333334;8523898.006666668;9244402.33;8353772.02;11089462.19;8545032.36;7082889.36;7082889.36;9244402.33;61776;-411;-782;1064231.52
736999;13271080.6;9813999.266666666;9078449.39;10586628.42;11257741.465;12832704.82;8545032.36;7082889.36;7082889.36;9244402.33;9244402.33;61776;-411;-782;1064232000.0
736999;13271080.6;9850530.581666667;9866124.096666666;11928854.51;13271080.6;12832704.82;8545032.36;7082889.36;9244402.33;9244402.33;13271080.6;61776;-411;-782;1064231.52
737029;15957390.77;10357786.758333333;11345207.665000001;14166517.323333332;14614235.685;9870316.65;7082889.36;9244402.33;9244402.33;13271080.6;13271080.6;61776;-411;-782;1064232000.0
737029;15957390.77;10865042.935;12824291.233333334;15061954.046666667;15957390.77;9870316.65;7082889.36;9244402.33;13271080.6;13271080.6;15957390.77;61776;-411;-782;1064231.52
737060;9811318.17;10758530.933333334;12918777.206666669;13908699.90333333;12884354.47;11089462.19;9244402.33;13271080.6;13271080.6;15957390.77;15957390.77;61993;217;628;1128058.01
737091;10801813.03;10734560.17;13178345.656666666;12190173.99;10306565.600000001;11089462.19;9244402.33;13271080.6;15957390.77;15957390.77;9811318.17;61993;217;628;1128058.01
737119;11082094.49;10945982.014166666;12813514.638333334;10565075.229999999;10941953.760000002;8545032.36;13271080.6;15957390.77;15957390.77;9811318.17;10801813.03;61993;217;628;1128058.01
737150;10090587.95;11074778.313333333;12283432.530000001;10658165.156666666;10586341.22;8545032.36;13271080.6;15957390.77;9811318.17;10801813.03;11082094.49;61993;217;628;1128058.01
737180;10167877.09;11331860.624166666;11318513.583333334;10446853.176666666;10129232.52;7082889.36;15957390.77;9811318.17;10801813.03;11082094.49;10090587.95;61993;217;628;1128058.01
737211;8961726.59;11488430.393333333;10152569.553333333;9740063.876666667;9564801.84;7082889.36;15957390.77;10801813.03;11082094.49;10090587.95;10167877.09;61993;217;628;1128058.01
737241;13808992.78;11868812.930833332;10818848.655;10979532.153333334;11385359.685;9244402.33;9811318.17;11082094.49;10090587.95;10167877.09;8961726.59;61993;217;628;1128058.01
737272;10509801.49;11974262.860833332;10770180.065;11093506.953333333;12159397.135000002;9244402.33;10801813.03;10090587.95;10167877.09;8961726.59;13808992.78;61993;217;628;1128058.01
737303;9088563.35;11625719.756666668;10437924.875;11135785.873333333;9799182.420000002;13271080.6;11082094.49;10167877.09;8961726.59;13808992.78;10509801.49;61993;217;628;1128058.01
737333;10041617.66;11356597.844999999;10429763.16;9879994.166666666;9565090.505;13271080.6;10090587.95;8961726.59;13808992.78;10509801.49;9088563.35;61993;217;628;1128058.01
737364;11784613.93;11008866.441666666;10699219.299999999;10304931.646666666;10913115.795000002;15957390.77;10167877.09;13808992.78;10509801.49;9088563.35;10041617.66;61993;217;628;1128058.01
737394;20542709.58;11390976.342500001;12629383.131666666;14122980.389999999;16163661.755;15957390.77;8961726.59;10509801.49;9088563.35;10041617.66;11784613.93;61993;217;628;1128058.01
737425;13953393.27;11736149.2675;12653449.88;15426905.593333334;17248051.425;9811318.17;13808992.78;9088563.35;10041617.66;11784613.93;20542709.58;62289;296;79;1134471000.0
737425;13953393.27;11998780.954166666;13227381.843333334;16149832.04;13953393.27;10801813.03;10509801.49;10041617.66;11784613.93;20542709.58;13953393.27;62289;296;79;1134470.6
737456;10349347.03;11937718.665833334;13437512.456666665;12752044.523333333;12151370.150000002;11082094.49;9088563.35;11784613.93;20542709.58;13953393.27;13953393.27;62289;296;79;1134471000.0
737456;10349347.03;11959281.9225;13488800.684999997;11550695.776666665;10349347.03;10090587.95;10041617.66;20542709.58;13953393.27;13953393.27;10349347.03;62289;296;79;1134470.6
737485;10706530.74;12004169.726666667;13309120.153333334;10468408.266666666;10527938.885000002;10167877.09;11784613.93;13953393.27;13953393.27;10349347.03;10349347.03;62289;296;79;1134471000.0
737485;10706530.74;12149570.0725;11669757.013333334;10587469.503333332;10706530.74;8961726.59;20542709.58;13953393.27;10349347.03;10349347.03;10706530.74;62289;296;79;1134470.6
737516;9904865.5;11824226.132499998;10995002.385;10439308.993333334;10305698.120000001;13808992.78;13953393.27;10349347.03;10349347.03;10706530.74;10706530.74;62289;296;79;1134471000.0
737516;9904865.5;11773814.799999999;10320247.756666666;10172087.246666668;9904865.5;10509801.49;13953393.27;10349347.03;10706530.74;10706530.74;9904865.5;62289;296;79;1134470.6
737546;9991873.45;11849090.641666666;10260668.826666666;9933868.15;9948369.475000001;9088563.35;10349347.03;10706530.74;10706530.74;9904865.5;9904865.5;62289;296;79;1134471000.0
737546;9991873.45;11844945.290833334;10201089.896666666;9962870.799999999;9991873.45;10041617.66;10349347.03;10706530.74;9904865.5;9904865.5;9991873.45;62289;296;79;1134470.6
737577;11916230.82;11855913.365;10402706.576666666;10633325.906666666;10954052.135000002;11784613.93;10706530.74;9904865.5;9904865.5;9991873.45;9991873.45;62289;296;79;1134471000.0
737577;11916230.82;11137040.135;10604323.256666666;11274778.363333335;11916230.82;20542709.58;10706530.74;9904865.5;9991873.45;9991873.45;11916230.82;62289;296;79;1134470.6
737607;18048757.43;11478320.481666667;11961638.578333333;13960406.356666667;14982494.125000002;13953393.27;9904865.5;9991873.45;9991873.45;11916230.82;11916230.82;62289;296;79;1134471000.0
737607;18048757.43;11819600.828333333;13318953.9;16004581.893333333;18048757.43;13953393.27;9904865.5;9991873.45;11916230.82;11916230.82;18048757.43;62289;296;79;1134470.6
737638;13509334.66;12082933.130833333;13905197.435;16535616.506666666;15779046.045000002;10349347.03;9991873.45;11916230.82;11916230.82;18048757.43;18048757.43;62289;296;79;1134471000.0
737638;13509334.66;12346265.433333332;14491440.969999999;15022475.583333334;13509334.66;10349347.03;9991873.45;11916230.82;18048757.43;18048757.43;13509334.66;62289;296;79;1134470.6
737669;13729360.54;12598167.916666666;14793629.256666666;13582676.62;13619347.600000001;10706530.74;11916230.82;18048757.43;18048757.43;13509334.66;13509334.66;62289;296;79;1134471000.0
737669;13729360.54;12850070.399999999;15095817.543333335;13656018.579999998;13729360.54;10706530.74;11916230.82;18048757.43;13509334.66;13509334.66;13729360.54;62289;296;79;1134470.6
737699;10811443.81;12925618.592500001;13889598.606666667;12756721.63;12270402.175;9904865.5;18048757.43;13509334.66;13509334.66;13729360.54;13729360.54;62289;296;79;1134471000.0
737699;10811443.81;13001166.785000002;12683379.67;11784082.719999999;10811443.81;9904865.5;18048757.43;13509334.66;13729360.54;13729360.54;10811443.81;62289;296;79;1134470.6
737730;11552068.71;13131183.056666667;12357168.678333335;11058318.776666667;11181756.260000002;9991873.45;13509334.66;13729360.54;13729360.54;10811443.81;10811443.81;62289;296;79;1134471000.0
737730;11552068.71;13261199.328333333;12030957.686666667;11305193.743333334;11552068.71;9991873.45;13509334.66;13729360.54;10811443.81;10811443.81;11552068.71;62289;296;79;1134470.6
737760;18312335.18;13794208.025;12794786.793333335;13805490.866666667;14932201.945000002;11916230.82;13729360.54;10811443.81;10811443.81;11552068.71;11552068.71;62289;296;79;1134471000.0
737760;18312335.18;14327216.721666666;13558615.9;16058913.023333333;18312335.18;11916230.82;13729360.54;10811443.81;11552068.71;11552068.71;18312335.18;62289;296;79;1134470.6
737791;17144231.93;14251839.59666667;14614080.586666666;17922967.43;17728283.555;18048757.43;10811443.81;11552068.71;11552068.71;18312335.18;18312335.18;62576;287;-9;1257498.834628885
737822;11585767.2;13713257.0775;14743134.485;15680778.103333334;14364999.565000001;18048757.43;10811443.81;11552068.71;18312335.18;18312335.18;17144231.93;62576;287;-9;1257498.834628885
737850;11816362.290000001;13572176.046666667;14787183.415000001;13515453.806666667;11701064.745000001;13509334.66;11552068.71;18312335.18;18312335.18;17144231.93;11585767.2;62576;287;-9;1257498.834628885
737881;11713154.35;13422494.354166666;14814031.021666666;11705094.613333335;11764758.320000002;13509334.66;11552068.71;18312335.18;17144231.93;11585767.2;11816362.290000001;62576;287;-9;1257498.834628885
737911;15073624.23;13534516.328333333;14274245.863333335;12867713.623333335;13393389.290000003;13729360.54;18312335.18;17144231.93;11585767.2;11816362.290000001;11713154.35;62576;287;-9;1257498.834628885
737942;12635332.9;13443347.358333334;13328078.816666665;13140703.826666668;13854478.565000001;13729360.54;18312335.18;11585767.2;11816362.290000001;11713154.35;15073624.23;62576;287;-9;1257498.834628885
737972;16041407.39;13879177.656666666;13144274.726666667;14583454.840000002;14338370.145000003;10811443.81;17144231.93;11816362.290000001;11713154.35;15073624.23;12635332.9;62576;287;-9;1257498.834628885
738003;14895904.74;14219549.400833333;13695964.316666668;14524215.01;15468656.065000001;10811443.81;11585767.2;11713154.35;15073624.23;12635332.9;16041407.39;62576;287;-9;1257498.834628885
738034;14168150.370000001;14437556.205833333;14087928.996666664;15035154.166666666;14532027.555000003;11552068.71;11816362.290000001;15073624.23;12635332.9;16041407.39;14895904.74;62576;287;-9;1257498.834628885
738064;15970308.83;14805742.8825;14797454.743333334;15011454.646666668;15069229.600000001;11552068.71;11713154.35;12635332.9;16041407.39;14895904.74;14168150.370000001;62576;287;-9;1257498.834628885
738095;16506070.9;14655220.859166667;15036195.854999999;15548176.700000001;16238189.865000002;18312335.18;15073624.23;16041407.39;14895904.74;14168150.370000001;15970308.83;62576;287;-9;1257498.834628885
738125;21452742.48;14916921.467500001;16505764.118333334;17976374.07;18979406.69;18312335.18;12635332.9;14895904.74;14168150.370000001;15970308.83;16506070.9;62576;287;-9;1257498.834628885
738156;17382675.04;14936791.726666667;16729308.726666668;18447162.80666667;19417708.760000005;17144231.93;16041407.39;14168150.370000001;15970308.83;16506070.9;21452742.48;63239;663;376;1393868.928020703
738187;14796988.62;15204393.511666669;16712822.706666665;17877468.71333333;16089831.830000002;11585767.2;14895904.74;15970308.83;16506070.9;21452742.48;17382675.04;63239;663;376;1393868.928020703
738215;15389970.91;15502194.230000002;16916459.463333335;15856544.856666667;15093479.765;11816362.290000001;14168150.370000001;16506070.9;21452742.48;17382675.04;14796988.62;63239;663;376;1393868.928020703
738246;13218515.53;15627640.995000003;16457827.246666664;14468491.686666667;14304243.220000003;11713154.35;15970308.83;21452742.48;17382675.04;14796988.62;15389970.91;63239;663;376;1393868.928020703
738276;17882570.38;15861719.840833334;16687243.826666668;15497018.94;15550542.955;15073624.23;16506070.9;17382675.04;14796988.62;15389970.91;13218515.53;63239;663;376;1393868.928020703
738307;24548567.189999998;16854489.365;17203214.611666664;18549884.366666663;21215568.785;12635332.9;21452742.48;14796988.62;15389970.91;13218515.53;17882570.38;63239;663;376;1393868.928020703
738337;20754348.32;17247234.4425;17765160.158333335;21061828.63;22651457.755;16041407.39;17382675.04;15389970.91;13218515.53;17882570.38;24548567.189999998;63239;663;376;1393868.928020703
738368;15546474.8;17301448.614166666;17890074.521666665;20283130.103333335;18150411.560000002;14895904.74;14796988.62;13218515.53;17882570.38;24548567.189999998;20754348.32;63239;663;376;1393868.928020703
738399;14755666.11;17350408.259166665;17784357.055;17018829.743333336;15151070.455;14168150.370000001;15389970.91;17882570.38;24548567.189999998;20754348.32;15546474.8;63239;663;376;1393868.928020703
738429;13494171.35;17144063.469166666;17830299.691666666;14598770.753333332;14124918.73;15970308.83;13218515.53;24548567.189999998;20754348.32;15546474.8;14755666.11;63239;663;376;1393868.928020703
738460;14586556.77;16984103.958333332;17280964.09;14278798.076666666;14040364.059999999;16506070.9;17882570.38;20754348.32;15546474.8;14755666.11;13494171.35;63239;663;376;1393868.928020703
738490;19287535.919999998;16803670.07833333;16404125.544999996;15789421.346666666;16937046.345;21452742.48;24548567.189999998;15546474.8;14755666.11;13494171.35;14586556.77;63239;663;376;1393868.928020703
